{
    "parameters": {
        "type": "wm_mat",
        "job_array_nb": 4,
        "N": 1000,
        "M": 750,
        "log_s_min": -4,
        "log_s_max": -1
    },
    "s_range": [
        9.999999999999999e-05,
        0.00021544346900318845,
        0.00046415888336127773,
        0.001,
        0.002154434690031882,
        0.004641588833612777,
        0.01,
        0.021544346900318822,
        0.046415888336127774,
        0.09999999999999999
    ],
    "fixation_probabilities": [
        0.0010820253196477262,
        0.001181977099462336,
        0.0014161606931305851,
        0.0020024084539644947,
        0.003550977751046231,
        0.007389472971823303,
        0.015815931497014293,
        0.033643035689852205,
        0.07055105131971728,
        0.14369230820306567
    ]
}