{
    "parameters": {
        "type": "wm_mat",
        "job_array_nb": 3,
        "N": 1000,
        "M": 500,
        "log_s_min": -4,
        "log_s_max": -1
    },
    "s_range": [
        9.999999999999999e-05,
        0.00021544346900318845,
        0.00046415888336127773,
        0.001,
        0.002154434690031882,
        0.004641588833612777,
        0.01,
        0.021544346900318822,
        0.046415888336127774,
        0.09999999999999999
    ],
    "fixation_probabilities": [
        0.0010680501317209053,
        0.0011502629288667827,
        0.0013405379012416184,
        0.0018086601983535158,
        0.003037219472637877,
        0.006168770925694617,
        0.013189509744432516,
        0.02808281976763726,
        0.059010581149103986,
        0.12070441458669456
    ]
}