{
    "parameters": {
        "type": "wm_mat",
        "job_array_nb": 2,
        "N": 1000,
        "M": 250,
        "log_s_min": -4,
        "log_s_max": -1
    },
    "s_range": [
        9.999999999999999e-05,
        0.00021544346900318845,
        0.00046415888336127773,
        0.001,
        0.002154434690031882,
        0.004641588833612777,
        0.01,
        0.021544346900318822,
        0.046415888336127774,
        0.09999999999999999
    ],
    "fixation_probabilities": [
        0.0010581423429178848,
        0.001127947914765125,
        0.0012880300398399826,
        0.0016763129529680503,
        0.002685383374133899,
        0.0053038928167270455,
        0.011308655262208528,
        0.02408626716707899,
        0.05065037776872126,
        0.10376966646976878
    ]
}