{
    "parameters": {
        "type": "wm_mat",
        "job_array_nb": 5,
        "N": 1000,
        "M": 1000,
        "log_s_min": -4,
        "log_s_max": -1
    },
    "s_range": [
        9.999999999999999e-05,
        0.00021544346900318845,
        0.00046415888336127773,
        0.001,
        0.002154434690031882,
        0.004641588833612777,
        0.01,
        0.021544346900318822,
        0.046415888336127774,
        0.09999999999999999
    ],
    "fixation_probabilities": [
        0.0011032160729461565,
        0.001230579295607537,
        0.0015341285840714332,
        0.0023100519338832472,
        0.00435468599590969,
        0.009225374712406314,
        0.01973311622091478,
        0.041874320707409665,
        0.08736786622817534,
        0.17610436242374491
    ]
}