{
    "parameters": {
        "job_array_nb": 1,
        "type": "star graph",
        "N": 10,
        "M": 5,
        "log_s_min": -4,
        "log_s_max": -1,
        "nb_trajectories": 50,
        "migration_rate": 0.01,
        "nb_colonies": 3,
        "alpha": 1.0
    },
    "s_range": [
        0.0001,
        0.00021544346900318845,
        0.00046415888336127773,
        0.001,
        0.002154434690031882,
        0.004641588833612777,
        0.01,
        0.021544346900318822,
        0.046415888336127774,
        0.1
    ],
    "nb_fixations": [
        1.0,
        3.0,
        2.0,
        2.0,
        2.0,
        2.0,
        5.0,
        2.0,
        2.0,
        8.0
    ]
}