{
    "parameters": {
        "job_array_nb": 1,
        "type": "well-mixed - matrix computations",
        "N": 10,
        "M": 5,
        "log_s_min": -4,
        "log_s_max": -1
    },
    "s_range": [
        0.0001,
        0.00021544346900318845,
        0.00046415888336127773,
        0.001,
        0.002154434690031882,
        0.004641588833612777,
        0.01,
        0.021544346900318822,
        0.046415888336127774,
        0.1
    ],
    "fixation_probability": [
        0.10005786438078092,
        0.10012468302352018,
        0.10026870489349575,
        0.10057929394593335,
        0.10124984037565399,
        0.10270094512327298,
        0.10585667692263295,
        0.1127864899133576,
        0.12826684793946333,
        0.16358131337264756
    ]
}