{
    "parameters": {
        "job_array_nb": 1,
        "type": "clique graph",
        "N": 10,
        "M": 5,
        "log_s_min": -4,
        "log_s_max": -1,
        "nb_trajectories": 100,
        "migration_rate": 0.1,
        "nb_colonies": 3
    },
    "s_range": [
        0.0001,
        0.00021544346900318845,
        0.00046415888336127773,
        0.001,
        0.002154434690031882,
        0.004641588833612777,
        0.01,
        0.021544346900318822,
        0.046415888336127774,
        0.1
    ],
    "nb_fixations": [
        6.0,
        3.0,
        5.0,
        1.0,
        2.0,
        5.0,
        3.0,
        4.0,
        7.0,
        8.0
    ],
    "mean_extinction_times": [
        7.148936170212766,
        10.030927835051546,
        5.71578947368421,
        6.858585858585859,
        6.061224489795919,
        6.389473684210526,
        6.278350515463917,
        6.854166666666667,
        6.064516129032258,
        4.608695652173913
    ],
    "mean_fixation_times": [
        106.33333333333333,
        47.333333333333336,
        75.4,
        67.0,
        119.0,
        65.4,
        69.66666666666667,
        58.25,
        55.57142857142857,
        52.25
    ]
}