{
    "parameters": {
        "job_array_nb": 1,
        "type": "cyclic graph",
        "N": 10,
        "M": 5,
        "log_s_min": -6,
        "log_s_max": -3,
        "nb_trajectories": 1000,
        "migration_rate": 0.1,
        "nb_colonies": 5,
        "alpha": 1.0
    },
    "s_range": [
        1e-06,
        2.1544346900318822e-06,
        4.641588833612782e-06,
        1e-05,
        2.1544346900318823e-05,
        4.641588833612772e-05,
        0.0001,
        0.00021544346900318823,
        0.00046415888336127773,
        0.001
    ],
    "nb_fixations": [
        21.0,
        25.0,
        17.0,
        11.0,
        24.0,
        18.0,
        26.0,
        23.0,
        11.0,
        22.0
    ]
}