{
    "parameters": {
        "job_array_nb": 1,
        "type": "well-mixed",
        "N": 100,
        "M": 50,
        "log_s_min": -6,
        "log_s_max": -3,
        "nb_trajectories": 1000
    },
    "s_range": [
        1e-06,
        2.1544346900318822e-06,
        4.641588833612782e-06,
        1e-05,
        2.1544346900318823e-05,
        4.641588833612772e-05,
        0.0001,
        0.00021544346900318823,
        0.00046415888336127773,
        0.001
    ],
    "nb_fixations": [
        9.0,
        10.0,
        8.0,
        7.0,
        9.0,
        12.0,
        10.0,
        12.0,
        15.0,
        13.0
    ]
}