{
    "parameters": {
        "job_array_nb": 2,
        "type": "well-mixed",
        "N": 1000,
        "M": 250,
        "log_s_min": -4,
        "log_s_max": -1,
        "nb_trajectories": 10000000
    },
    "s_range": [
        0.0001,
        0.00021544346900318845,
        0.00046415888336127773,
        0.001,
        0.002154434690031882,
        0.004641588833612777,
        0.01,
        0.021544346900318822,
        0.046415888336127774,
        0.1
    ],
    "nb_fixations": [
        10459.0,
        11344.0,
        13012.0,
        16744.0,
        26851.0,
        52944.0,
        113856.0,
        240361.0,
        506289.0,
        1035915.0
    ]
}