{
    "parameters": {
        "job_array_nb": 3,
        "type": "well-mixed",
        "N": 1000,
        "M": 500,
        "log_s_min": -4,
        "log_s_max": -1,
        "nb_trajectories": 10000000
    },
    "s_range": [
        0.0001,
        0.00021544346900318845,
        0.00046415888336127773,
        0.001,
        0.002154434690031882,
        0.004641588833612777,
        0.01,
        0.021544346900318822,
        0.046415888336127774,
        0.1
    ],
    "nb_fixations": [
        10621.0,
        11566.0,
        13389.0,
        17964.0,
        30100.0,
        61886.0,
        132228.0,
        280671.0,
        590784.0,
        1204254.0
    ]
}