{
    "parameters": {
        "job_array_nb": 4,
        "type": "well-mixed",
        "N": 1000,
        "M": 750,
        "log_s_min": -4,
        "log_s_max": -1,
        "nb_trajectories": 10000000
    },
    "s_range": [
        0.0001,
        0.00021544346900318845,
        0.00046415888336127773,
        0.001,
        0.002154434690031882,
        0.004641588833612777,
        0.01,
        0.021544346900318822,
        0.046415888336127774,
        0.1
    ],
    "nb_fixations": [
        10900.0,
        11871.0,
        14250.0,
        20021.0,
        35625.0,
        74253.0,
        157934.0,
        336706.0,
        705820.0,
        1437525.0
    ]
}