{
    "parameters": {
        "job_array_nb": 5,
        "type": "well-mixed",
        "N": 1000,
        "M": 1000,
        "log_s_min": -4,
        "log_s_max": -1,
        "nb_trajectories": 10000000
    },
    "s_range": [
        0.0001,
        0.00021544346900318845,
        0.00046415888336127773,
        0.001,
        0.002154434690031882,
        0.004641588833612777,
        0.01,
        0.021544346900318822,
        0.046415888336127774,
        0.1
    ],
    "nb_fixations": [
        11007.0,
        12426.0,
        15250.0,
        22715.0,
        43380.0,
        92319.0,
        196636.0,
        419024.0,
        871769.0,
        1762930.0
    ]
}