{
    "parameters": {
        "job_array_nb": 1,
        "type": "well-mixed - matrix computations",
        "N": 100,
        "M": 50,
        "log_s_min": -6,
        "log_s_max": -3
    },
    "s_range": [
        1e-06,
        2.1544346900318822e-06,
        4.641588833612782e-06,
        1e-05,
        2.1544346900318823e-05,
        4.641588833612772e-05,
        0.0001,
        0.00021544346900318823,
        0.00046415888336127773,
        0.001
    ],
    "fixation_probability": [
        0.010000657799211905,
        0.010001417220200851,
        0.010003053469707344,
        0.010006579249945306,
        0.010014178040231398,
        0.010030561794556326,
        0.010065918262937446,
        0.010142364021755189,
        0.010308325554103085,
        0.010671735321145973
    ]
}