{
    "parameters": {
        "job_array_nb": 7,
        "type": "well-mixed",
        "N": 1000,
        "M": 500,
        "log_s_min": -4,
        "log_s_max": -1,
        "nb_trajectories": 100
    },
    "s_range": [
        0.0001,
        0.00021544346900318845,
        0.00046415888336127773,
        0.001,
        0.002154434690031882,
        0.004641588833612777,
        0.01,
        0.021544346900318822,
        0.046415888336127774,
        0.1
    ],
    "nb_fixations": [
        0.0,
        0.0,
        0.0,
        0.0,
        0.0,
        1.0,
        0.0,
        5.0,
        6.0,
        18.0
    ]
}